First Name,Last Name,Email
Person-1773271957360-ks0t9b,Interaction,person-1773271957360-ks0t9b@example.org
E2E-1773272007813-tvzedx,Directory,e2e-1773272007813-tvzedx@example.com
Person-1773272074658-u9k6i1,Interaction,person-1773272074658-u9k6i1@example.org
E2E-1773272125273-igj5m5,Directory,e2e-1773272125273-igj5m5@example.com
Person-1773272187884-eafv03,Interaction,person-1773272187884-eafv03@example.org
E2E-1773272241662-cwlp64,Directory,e2e-1773272241662-cwlp64@example.com
Person-1773272304122-r0o28a,Interaction,person-1773272304122-r0o28a@example.org
E2E-1773272355905-r0fcqy,Directory,e2e-1773272355905-r0fcqy@example.com
Person-1773272415083-j23pdy,Interaction,person-1773272415083-j23pdy@example.org
E2E-1773272465953-ovbi7s,Directory,e2e-1773272465953-ovbi7s@example.com
Person-1773272525659-gjm921,Interaction,person-1773272525659-gjm921@example.org
E2E-1773272577190-tqde77,Directory,e2e-1773272577190-tqde77@example.com
Person-1773272636975-jp9za5,Interaction,person-1773272636975-jp9za5@example.org
E2E-1773272687348-7a8qk9,Directory,e2e-1773272687348-7a8qk9@example.com
Case,Contact-1773272789176-4873,case.contact.1773272789176-6306@example.com
Prefill1773272790429-4357,Contact,prefill.1773272790429-4357@example.com
Case,Contact-1773272791593-7330,case.contact.1773272791593-5153@example.com
Case,Contact-1773272792940-8663,case.contact.1773272792940-1149@example.com
Case,Contact-1773272794445-1217,case.contact.1773272794445-4228@example.com
Case,Contact-1773272797826-6304,case.contact.1773272797826-3711@example.com
Case,Contact-1773272797859-1928,case.contact.1773272797859-1528@example.com
Case,Contact-1773272799345-4951,case.contact.1773272799345-1487@example.com
Scoped1773272801872-4242,Cases,scoped.cases.1773272801872-4242@example.com
Tabs1773272812788-8042,Contact,tabs.1773272812788-8042@example.com
Dark1773272810708-6822,Mode,dark.mode.1773272810708-6822@example.com
Cancel1773272814954-6999,Flow,cancel.1773272814954-6999@example.com
Enabled1773272817767-70,Contact,active.1773272817767-70@example.com
Delete1773272821903-5499,Contact,delete.1773272821903-5499@example.com
Dormant1773272817767-70,Contact,inactive.1773272817767-70@example.com
Flow1773272808474-610,Person,flow.1773272808474-610@example.com
Page1773272823764-6870,01,page.1773272823764-6870.1@example.com
Page1773272823764-6870,02,page.1773272823764-6870.2@example.com
Phn1773272806000-5852,Flow,phn.1773272806000-5852@example.com
Page1773272823764-6870,03,page.1773272823764-6870.3@example.com
Page1773272823764-6870,04,page.1773272823764-6870.4@example.com
Page1773272823764-6870,05,page.1773272823764-6870.5@example.com
Page1773272823764-6870,06,page.1773272823764-6870.6@example.com
Page1773272823764-6870,07,page.1773272823764-6870.7@example.com
Page1773272823764-6870,08,page.1773272823764-6870.8@example.com
Page1773272823764-6870,09,page.1773272823764-6870.9@example.com
Page1773272823764-6870,10,page.1773272823764-6870.10@example.com
Page1773272823764-6870,11,page.1773272823764-6870.11@example.com
Page1773272823764-6870,12,page.1773272823764-6870.12@example.com
Page1773272823764-6870,13,page.1773272823764-6870.13@example.com
Page1773272823764-6870,14,page.1773272823764-6870.14@example.com
Page1773272823764-6870,15,page.1773272823764-6870.15@example.com
Page1773272823764-6870,16,page.1773272823764-6870.16@example.com
Page1773272823764-6870,17,page.1773272823764-6870.17@example.com
Page1773272823764-6870,18,page.1773272823764-6870.18@example.com
Page1773272823764-6870,19,page.1773272823764-6870.19@example.com
Page1773272823764-6870,20,page.1773272823764-6870.20@example.com
Page1773272823764-6870,21,page.1773272823764-6870.21@example.com
Page1773272823764-6870,22,page.1773272823764-6870.22@example.com
Page1773272823764-6870,23,page.1773272823764-6870.23@example.com
Page1773272823764-6870,24,page.1773272823764-6870.24@example.com
Page1773272823764-6870,25,page.1773272823764-6870.25@example.com
Dark,Portal,dark-mode-portal-1773272826484@example.com
Dark,Mode Person,dark-mode-contact-1773272857223@example.com
Dark,Mode Volunteer,dark-mode-volunteer-1773272867195@example.com
Portal,Client,portal-e2e-1773272990375-5bba98@example.com
Contact1,Load,capacity-1773273009523-l9amn-contact1@test.com
Jane,Smith,register-1773273004909-cf2rm@example.com
Contact2,Load,capacity-1773273009523-l9amn-contact2@test.com
Public,Attendee,public-kiosk-1773272988050@example.com
Contact3,Load,capacity-1773273009523-l9amn-contact3@test.com
Walkin,Guest,walkin-1773272988050@example.com
FollowUp,Contact 1773273037843-1055,followup.1773273037843-8909@example.com
Person-1773273050230-kyrvtr,Interaction,person-1773273050230-kyrvtr@example.org
Link,Health,portal-link-health-1773273094888-d8db7b@example.com
Link,Health,portal-link-health-1773273126811-9afdeb@example.com
Link,Health,portal-link-health-1773273158724-b22971@example.com
Link,Health,portal-link-health-1773273190651-551bb8@example.com
Link,Health,portal-link-health-1773273222568-aeec5b@example.com
Link,Health,portal-link-health-1773273254507-eb11dd@example.com
Link,Health,portal-link-health-1773273286478-195478@example.com
Link,Health,portal-link-health-1773273318611-e7b5bd@example.com
Link,Health,portal-link-health-1773273350543-785644@example.com
Link,Health,portal-link-health-1773273382301-e0e90d@example.com
Link,Health,portal-link-health-1773273414184-7ab1d3@example.com
Person-1773273418425-vmkq63,Interaction,person-1773273418425-vmkq63@example.org
Link,Health,portal-link-health-1773273445851-e69077@example.com
E2E-1773273567645-dicbsg,Directory,e2e-1773273567645-dicbsg@example.com
Portal,Audit,portal-navigation-audit-1773273689335@example.com
Person-1773273704826-3k32a2,Interaction,person-1773273704826-3k32a2@example.org
E2E-1773273765618-kjszbd,Directory,e2e-1773273765618-kjszbd@example.com
E2E-1773273854272-mzatfl,Directory,e2e-1773273854272-mzatfl@example.com
Portal,Client,portal-case-1773273919595-51ded4@example.com
Person-1773273986277-b1boc7,Interaction,person-1773273986277-b1boc7@example.org
Portal,Client,portal-e2e-1773274051643-91d3f0@example.com
Portal,Client,portal-e2e-1773274083123-1fdc23@example.com
E2E-1773274142080-8v5ho7,Directory,e2e-1773274142080-8v5ho7@example.com
Portal,Client,portal-e2e-1773274145675-6169a3@example.com
Portal,Client,portal-e2e-1773274177164-3c3f68@example.com
Portal,Client,portal-e2e-1773274208712-db9f0f@example.com
Portal,Client,portal-e2e-1773274240206-35167d@example.com
Person-1773274275022-qenbj1,Interaction,person-1773274275022-qenbj1@example.org
E2E-1773274425121-2l4w0p,Directory,e2e-1773274425121-2l4w0p@example.com
Person-1773274554736-oubd9n,Interaction,person-1773274554736-oubd9n@example.org
E2E-1773274705030-sonw0e,Directory,e2e-1773274705030-sonw0e@example.com
Person-1773274834660-ur5rvf,Interaction,person-1773274834660-ur5rvf@example.org
E2E-1773274984663-uhap0l,Directory,e2e-1773274984663-uhap0l@example.com
Person-1773275114235-f9lfmy,Interaction,person-1773275114235-f9lfmy@example.org
E2E-1773275263961-lqd0y3,Directory,e2e-1773275263961-lqd0y3@example.com
Person-1773275804338-c9y5yc,Interaction,person-1773275804338-c9y5yc@example.org
Link,Visibility,portal-visibility-audit-1773275894405-f99c67@example.com
Link,Visibility,portal-visibility-audit-1773275926104-39a76f@example.com
E2E-1773275953944-gvvmja,Directory,e2e-1773275953944-gvvmja@example.com
Link,Visibility,portal-visibility-audit-1773275957805-482e2f@example.com
Link,Visibility,portal-visibility-audit-1773275989494-a58170@example.com
Link,Visibility,portal-visibility-audit-1773276021208-f8b54f@example.com
Person-1773276189742-mtqjds,Interaction,person-1773276189742-mtqjds@example.org
Detail,Volunteer,detail.volunteer@test.com
Filter1773276283962-03bc25,Volunteer,filter.1773276283962-03bc25@example.com
Other1773276283962-03bc25,Volunteer,other.1773276283962-03bc25@example.com
E2E-1773276339842-ojlp8w,Directory,e2e-1773276339842-ojlp8w@example.com
Tabs1773276405492-daa7cb,Volunteer,tabs.1773276405492-daa7cb@example.com
Michael,Chen,michael.chen+1773276559924@example.com
Detail,Volunteer,detail.volunteer@test.com
Filter1773276609945-1caf2f,Volunteer,filter.1773276609945-1caf2f@example.com
Other1773276609945-1caf2f,Volunteer,other.1773276609945-1caf2f@example.com
Tabs1773276731017-c44d4e,Volunteer,tabs.1773276731017-c44d4e@example.com
Person-1773276913764-vzcn30,Interaction,person-1773276913764-vzcn30@example.org
E2E-1773277063360-1sbpw2,Directory,e2e-1773277063360-1sbpw2@example.com
Person-1773277333732-xn0xio,Interaction,person-1773277333732-xn0xio@example.org
E2E-1773277483090-we0m36,Directory,e2e-1773277483090-we0m36@example.com
Case,Contact-1773277842723-5956,case.contact.1773277842723-8643@example.com
Prefill1773277844277-6296,Contact,prefill.1773277844277-6296@example.com
Case,Contact-1773277845807-4161,case.contact.1773277845807-7412@example.com
Case,Contact-1773277847422-4223,case.contact.1773277847422-1992@example.com
Case,Contact-1773277849317-4102,case.contact.1773277849317-9096@example.com
Case,Contact-1773277853718-3595,case.contact.1773277853718-2573@example.com
Case,Contact-1773277853772-9060,case.contact.1773277853772-1998@example.com
Case,Contact-1773277855513-2618,case.contact.1773277855513-3395@example.com
Scoped1773277859901-3828,Cases,scoped.cases.1773277859901-3828@example.com
E2E-1773277870506-8yq7lu,Directory,e2e-1773277870506-8yq7lu@example.com
Phn1773277883695-8309,Flow,phn.1773277883695-8309@example.com
Page1773277906628-1064,06,page.1773277906628-1064.6@example.com
Dark1773277890097-3302,Mode,dark.mode.1773277890097-3302@example.com
Tabs1773277892902-63,Contact,tabs.1773277892902-63@example.com
Page1773277906628-1064,07,page.1773277906628-1064.7@example.com
Cancel1773277895793-5527,Flow,cancel.1773277895793-5527@example.com
Enabled1773277899428-8328,Contact,active.1773277899428-8328@example.com
Page1773277906628-1064,08,page.1773277906628-1064.8@example.com
Dormant1773277899428-8328,Contact,inactive.1773277899428-8328@example.com
Page1773277906628-1064,09,page.1773277906628-1064.9@example.com
Delete1773277904075-7186,Contact,delete.1773277904075-7186@example.com
Page1773277906628-1064,01,page.1773277906628-1064.1@example.com
Page1773277906628-1064,02,page.1773277906628-1064.2@example.com
Page1773277906628-1064,03,page.1773277906628-1064.3@example.com
Page1773277906628-1064,04,page.1773277906628-1064.4@example.com
Page1773277906628-1064,05,page.1773277906628-1064.5@example.com
Page1773277906628-1064,10,page.1773277906628-1064.10@example.com
Page1773277906628-1064,11,page.1773277906628-1064.11@example.com
Page1773277906628-1064,12,page.1773277906628-1064.12@example.com
Page1773277906628-1064,13,page.1773277906628-1064.13@example.com
Page1773277906628-1064,14,page.1773277906628-1064.14@example.com
Page1773277906628-1064,15,page.1773277906628-1064.15@example.com
Page1773277906628-1064,16,page.1773277906628-1064.16@example.com
Page1773277906628-1064,17,page.1773277906628-1064.17@example.com
Page1773277906628-1064,18,page.1773277906628-1064.18@example.com
Page1773277906628-1064,19,page.1773277906628-1064.19@example.com
Page1773277906628-1064,20,page.1773277906628-1064.20@example.com
Page1773277906628-1064,21,page.1773277906628-1064.21@example.com
Page1773277906628-1064,22,page.1773277906628-1064.22@example.com
Page1773277906628-1064,23,page.1773277906628-1064.23@example.com
Page1773277906628-1064,24,page.1773277906628-1064.24@example.com
Page1773277906628-1064,25,page.1773277906628-1064.25@example.com
Person-1773277909916-i2t40w,Interaction,person-1773277909916-i2t40w@example.org
Dark,Portal,dark-mode-portal-1773277910964@example.com
Flow1773277887045-7474,Person,flow.1773277887045-7474@example.com
Dark,Mode Person,dark-mode-contact-1773277944127@example.com
Dark,Mode Volunteer,dark-mode-volunteer-1773277954631@example.com
E2E-1773278039733-2zpfke,Directory,e2e-1773278039733-2zpfke@example.com
Portal,Client,portal-e2e-1773278128002-2bf00b@example.com
Person-1773278209148-yay0hk,Interaction,person-1773278209148-yay0hk@example.org
Person-1773278366514-d523pm,Interaction,person-1773278366514-d523pm@example.org
E2E-1773278377679-o48qyk,Directory,e2e-1773278377679-o48qyk@example.com
Link,Health,portal-link-health-1773278408615-2cd31f@example.com
Person-1773278421130-idj1wx,Interaction,person-1773278421130-idj1wx@example.org
Jane,Smith,register-1773278163351-8tibx@example.com
E2E-1773278430883-melbhp,Directory,e2e-1773278430883-melbhp@example.com
Portal,Audit,portal-navigation-audit-1773278431832@example.com
Contact1,Load,capacity-1773278168697-th7lh-contact1@test.com
Contact2,Load,capacity-1773278168697-th7lh-contact2@test.com
Contact3,Load,capacity-1773278168697-th7lh-contact3@test.com
E2E-1773278577766-6899xv,Directory,e2e-1773278577766-6899xv@example.com
Person-1773278197366-1bolsx,Interaction,person-1773278197366-1bolsx@example.org
FollowUp,Contact 1773278198133-7827,followup.1773278198133-9890@example.com
E2E-1773278458452-w05219,Directory,e2e-1773278458452-w05219@example.com
Portal,Client,portal-case-1773278474285-74f2cd@example.com
Portal,Client,portal-e2e-1773278480350-2c80af@example.com
Portal,Client,portal-e2e-1773278484420-a34be9@example.com
Portal,Client,portal-e2e-1773278487693-91221a@example.com
Portal,Client,portal-e2e-1773278489469-7ba9e3@example.com
Portal,Client,portal-e2e-1773278491306-699e09@example.com
Portal,Client,portal-e2e-1773278509058-001ded@example.com
Person-1773278539787-e8fscx,Interaction,person-1773278539787-e8fscx@example.org
E2E-1773278549780-2074e6,Directory,e2e-1773278549780-2074e6@example.com
Person-1773278567874-txwziu,Interaction,person-1773278567874-txwziu@example.org
Walkin,Guest,walkin-1773278125423@example.com
Person-1773278591391-akjf8r,Interaction,person-1773278591391-akjf8r@example.org
E2E-1773278603931-wh06u1,Directory,e2e-1773278603931-wh06u1@example.com
Person-1773278617796-70z065,Interaction,person-1773278617796-70z065@example.org
E2E-1773278629254-py3rgg,Directory,e2e-1773278629254-py3rgg@example.com
Public,Attendee,public-kiosk-1773278125423@example.com
Portal,Client,portal-e2e-1773278635536-3a9422@example.com
Person-1773278666000-5ia51w,Interaction,person-1773278666000-5ia51w@example.org
E2E-1773278676454-oe80dp,Directory,e2e-1773278676454-oe80dp@example.com
Person-1773278713517-1htjgp,Interaction,person-1773278713517-1htjgp@example.org
Link,Visibility,portal-visibility-audit-1773278713917-bb8075@example.com
E2E-1773278724280-e8xt8d,Directory,e2e-1773278724280-e8xt8d@example.com
Person-1773278735376-byxmd4,Interaction,person-1773278735376-byxmd4@example.org
E2E-1773278745319-pnv847,Directory,e2e-1773278745319-pnv847@example.com
Person-1773278796575-45j81k,Interaction,person-1773278796575-45j81k@example.org
Person-1773278776097-8tpsri,Interaction,person-1773278776097-8tpsri@example.org
Detail,Volunteer,detail.volunteer@test.com
Filter1773278778668-4c4c1e,Volunteer,filter.1773278778668-4c4c1e@example.com
Other1773278778668-4c4c1e,Volunteer,other.1773278778668-4c4c1e@example.com
Tabs1773278782373-b48c45,Volunteer,tabs.1773278782373-b48c45@example.com
E2E-1773278785545-dc1kmo,Directory,e2e-1773278785545-dc1kmo@example.com
E2E-1773278808112-516xwu,Directory,e2e-1773278808112-516xwu@example.com
Michael,Chen,michael.chen+1773278791724@example.com
Person-1773278820477-s33mwx,Interaction,person-1773278820477-s33mwx@example.org
E2E-1773278830991-jxh5o8,Directory,e2e-1773278830991-jxh5o8@example.com
Person-1773278842593-yxoiun,Interaction,person-1773278842593-yxoiun@example.org
E2E-1773278852614-5y6ovc,Directory,e2e-1773278852614-5y6ovc@example.com
Person-1773278862211-51w5z1,Interaction,person-1773278862211-51w5z1@example.org
Case,Contact-1773278863813-72,case.contact.1773278863813-1858@example.com
Prefill1773278865118-6238,Contact,prefill.1773278865118-6238@example.com
Case,Contact-1773278866489-4247,case.contact.1773278866489-6089@example.com
Case,Contact-1773278867817-7305,case.contact.1773278867817-9970@example.com
Case,Contact-1773278869314-1871,case.contact.1773278869314-496@example.com
E2E-1773278872361-duhllw,Directory,e2e-1773278872361-duhllw@example.com
Case,Contact-1773278873001-4035,case.contact.1773278873001-5686@example.com
Case,Contact-1773278873066-3229,case.contact.1773278873066-3893@example.com
Case,Contact-1773278874496-5871,case.contact.1773278874496-7145@example.com
Scoped1773278878610-5424,Cases,scoped.cases.1773278878610-5424@example.com
Person-1773278882616-q1vphg,Interaction,person-1773278882616-q1vphg@example.org
E2E-1773278892019-56gkl5,Directory,e2e-1773278892019-56gkl5@example.com
Vol1773278774011,Contact,volunteer.1773278774011@test.com
Dark1773278896052-4967,Mode,dark.mode.1773278896052-4967@example.com
Phn1773278884116-9881,Flow,phn.1773278884116-9881@example.com
Page1773278919762-6099,07,page.1773278919762-6099.7@example.com
Tabs1773278905724-6988,Contact,tabs.1773278905724-6988@example.com
Page1773278919762-6099,08,page.1773278919762-6099.8@example.com
Cancel1773278909015-7919,Flow,cancel.1773278909015-7919@example.com
Enabled1773278912562-9049,Contact,active.1773278912562-9049@example.com
Page1773278919762-6099,09,page.1773278919762-6099.9@example.com
Dormant1773278912562-9049,Contact,inactive.1773278912562-9049@example.com
Page1773278919762-6099,10,page.1773278919762-6099.10@example.com
Delete1773278917429-2681,Contact,delete.1773278917429-2681@example.com
Page1773278919762-6099,01,page.1773278919762-6099.1@example.com
Page1773278919762-6099,02,page.1773278919762-6099.2@example.com
Page1773278919762-6099,03,page.1773278919762-6099.3@example.com
Page1773278919762-6099,04,page.1773278919762-6099.4@example.com
Page1773278919762-6099,05,page.1773278919762-6099.5@example.com
Page1773278919762-6099,06,page.1773278919762-6099.6@example.com
Page1773278919762-6099,11,page.1773278919762-6099.11@example.com
Page1773278919762-6099,12,page.1773278919762-6099.12@example.com
Page1773278919762-6099,13,page.1773278919762-6099.13@example.com
Page1773278919762-6099,14,page.1773278919762-6099.14@example.com
Page1773278919762-6099,15,page.1773278919762-6099.15@example.com
Page1773278919762-6099,16,page.1773278919762-6099.16@example.com
Page1773278919762-6099,17,page.1773278919762-6099.17@example.com
Page1773278919762-6099,18,page.1773278919762-6099.18@example.com
Page1773278919762-6099,19,page.1773278919762-6099.19@example.com
Page1773278919762-6099,20,page.1773278919762-6099.20@example.com
Page1773278919762-6099,21,page.1773278919762-6099.21@example.com
Page1773278919762-6099,22,page.1773278919762-6099.22@example.com
Page1773278919762-6099,23,page.1773278919762-6099.23@example.com
Page1773278919762-6099,24,page.1773278919762-6099.24@example.com
Page1773278919762-6099,25,page.1773278919762-6099.25@example.com
Flow1773278893126-6677,Person,flow.1773278893126-6677@example.com
Dark,Portal,dark-mode-portal-1773278923085@example.com
Dark,Mode Person,dark-mode-contact-1773278954134@example.com
Dark,Mode Volunteer,dark-mode-volunteer-1773278964279@example.com
Case,Contact-1773278998728-8979,case.contact.1773278998728-9321@example.com
Prefill1773278999932-9579,Contact,prefill.1773278999932-9579@example.com
Case,Contact-1773279001050-6323,case.contact.1773279001050-7390@example.com
Case,Contact-1773279002347-977,case.contact.1773279002347-3559@example.com
Case,Contact-1773279003861-8899,case.contact.1773279003861-6752@example.com
Case,Contact-1773279007112-259,case.contact.1773279007112-4927@example.com
Case,Contact-1773279007162-4209,case.contact.1773279007162-3785@example.com
Case,Contact-1773279008615-4872,case.contact.1773279008615-397@example.com
Scoped1773279012297-7214,Cases,scoped.cases.1773279012297-7214@example.com
Tabs1773279025868-2877,Contact,tabs.1773279025868-2877@example.com
Page1773279038841-4588,01,page.1773279038841-4588.1@example.com
Cancel1773279028563-5284,Flow,cancel.1773279028563-5284@example.com
Page1773279038841-4588,02,page.1773279038841-4588.2@example.com
Dark1773279023278-4733,Mode,dark.mode.1773279023278-4733@example.com
Page1773279038841-4588,03,page.1773279038841-4588.3@example.com
Enabled1773279031827-912,Contact,active.1773279031827-912@example.com
Dormant1773279031827-912,Contact,inactive.1773279031827-912@example.com
Page1773279038841-4588,04,page.1773279038841-4588.4@example.com
Delete1773279036531-9733,Contact,delete.1773279036531-9733@example.com
Flow1773279020548-7703,Person,flow.1773279020548-7703@example.com
Page1773279038841-4588,05,page.1773279038841-4588.5@example.com
Page1773279038841-4588,06,page.1773279038841-4588.6@example.com
Page1773279038841-4588,07,page.1773279038841-4588.7@example.com
Page1773279038841-4588,08,page.1773279038841-4588.8@example.com
Page1773279038841-4588,09,page.1773279038841-4588.9@example.com
Page1773279038841-4588,10,page.1773279038841-4588.10@example.com
Page1773279038841-4588,11,page.1773279038841-4588.11@example.com
Page1773279038841-4588,12,page.1773279038841-4588.12@example.com
Page1773279038841-4588,13,page.1773279038841-4588.13@example.com
Page1773279038841-4588,14,page.1773279038841-4588.14@example.com
Page1773279038841-4588,15,page.1773279038841-4588.15@example.com
Page1773279038841-4588,16,page.1773279038841-4588.16@example.com
Phn1773279017558-9106,Flow,phn.1773279017558-9106@example.com
Page1773279038841-4588,17,page.1773279038841-4588.17@example.com
Page1773279038841-4588,18,page.1773279038841-4588.18@example.com
Page1773279038841-4588,19,page.1773279038841-4588.19@example.com
Page1773279038841-4588,20,page.1773279038841-4588.20@example.com
Page1773279038841-4588,21,page.1773279038841-4588.21@example.com
Page1773279038841-4588,22,page.1773279038841-4588.22@example.com
Page1773279038841-4588,23,page.1773279038841-4588.23@example.com
Page1773279038841-4588,24,page.1773279038841-4588.24@example.com
Page1773279038841-4588,25,page.1773279038841-4588.25@example.com
Dark,Portal,dark-mode-portal-1773279042030@example.com
Dark,Mode Person,dark-mode-contact-1773279072058@example.com
Dark,Mode Volunteer,dark-mode-volunteer-1773279081868@example.com
Portal,Client,portal-e2e-1773279092029-308b1f@example.com
Link,Health,portal-link-health-1773279168591-bc8c00@example.com
Jane,Smith,register-1773279109129-lskdt@example.com
Portal,Audit,portal-navigation-audit-1773279190500@example.com
E2E-1773279196572-zsynw7,Directory,e2e-1773279196572-zsynw7@example.com
Portal,Client,portal-case-1773279200050-fadf2e@example.com
Contact1,Load,capacity-1773279114557-gxg2g-contact1@test.com
Contact2,Load,capacity-1773279114557-gxg2g-contact2@test.com
Contact3,Load,capacity-1773279114557-gxg2g-contact3@test.com
Portal,Client,portal-e2e-1773279204833-144b26@example.com
FollowUp,Contact 1773279118417-9690,followup.1773279118417-9249@example.com
Person-1773279127139-74t318,Interaction,person-1773279127139-74t318@example.org
Walkin,Guest,walkin-1773279202104@example.com
Portal,Client,portal-e2e-1773279204405-11e540@example.com
Portal,Client,portal-e2e-1773279208232-7c61e0@example.com
Portal,Client,portal-e2e-1773279215392-1154c7@example.com
Portal,Client,portal-e2e-1773279211651-8bc0c0@example.com
Public,Attendee,public-kiosk-1773279089726@example.com
Portal,Client,portal-e2e-1773279213743-5e9074@example.com
Portal,Client,portal-e2e-1773279217550-44ff1b@example.com
Public,Attendee,public-kiosk-1773279202104@example.com
Jane,Smith,register-1773279222364-fwtwx@example.com
Contact1,Load,capacity-1773279227627-55jnl-contact1@test.com
Walkin,Guest,walkin-1773279089726@example.com
Contact2,Load,capacity-1773279227627-55jnl-contact2@test.com
Contact3,Load,capacity-1773279227627-55jnl-contact3@test.com
FollowUp,Contact 1773279231239-5005,followup.1773279231239-4250@example.com
Person-1773279240181-7zr3wg,Interaction,person-1773279240181-7zr3wg@example.org
Link,Health,portal-link-health-1773279271612-b19966@example.com
Portal,Audit,portal-navigation-audit-1773279291749@example.com
E2E-1773279297036-vd6ybw,Directory,e2e-1773279297036-vd6ybw@example.com
Portal,Client,portal-e2e-1773279305751-47b110@example.com
Portal,Client,portal-case-1773279312682-cf53b0@example.com
Portal,Client,portal-e2e-1773279317186-f25bbf@example.com
Portal,Client,portal-e2e-1773279320436-19ab49@example.com
Portal,Client,portal-e2e-1773279323791-0795b9@example.com
Portal,Client,portal-e2e-1773279325819-851cfd@example.com
Portal,Client,portal-e2e-1773279327883-55243f@example.com
Portal,Client,portal-e2e-1773279329893-b70ac8@example.com
Link,Visibility,portal-visibility-audit-1773279379021-318301@example.com
Portal,Client,portal-e2e-1773279408168-847bdf@example.com
Detail,Volunteer,detail.volunteer@test.com
Filter1773279423236-89791d,Volunteer,filter.1773279423236-89791d@example.com
Other1773279423236-89791d,Volunteer,other.1773279423236-89791d@example.com
Tabs1773279426542-2ee709,Volunteer,tabs.1773279426542-2ee709@example.com
Michael,Chen,michael.chen+1773279524072@example.com
Michael,Chen,michael.chen+1773279432933@example.com
Link,Visibility,portal-visibility-audit-1773279474719-37e9ba@example.com
Detail,Volunteer,detail.volunteer@test.com
Filter1773279514980-63164a,Volunteer,filter.1773279514980-63164a@example.com
Other1773279514980-63164a,Volunteer,other.1773279514980-63164a@example.com
Tabs1773279518142-00eb8a,Volunteer,tabs.1773279518142-00eb8a@example.com
Case,Contact-1773279599086-6653,case.contact.1773279599086-8421@example.com
Prefill1773279600635-7244,Contact,prefill.1773279600635-7244@example.com
Case,Contact-1773279602052-3452,case.contact.1773279602052-1921@example.com
Case,Contact-1773279603579-8550,case.contact.1773279603579-439@example.com
Case,Contact-1773279605333-6315,case.contact.1773279605333-4609@example.com
Vol1773279511301,Contact,volunteer.1773279511301@test.com
Vol1773279419336,Contact,volunteer.1773279419336@test.com
Case,Contact-1773279609757-2742,case.contact.1773279609757-9800@example.com
Case,Contact-1773279609811-3129,case.contact.1773279609811-4391@example.com
Case,Contact-1773279611843-2080,case.contact.1773279611843-8857@example.com
Scoped1773279616565-2547,Cases,scoped.cases.1773279616565-2547@example.com
Flow1773279626281-4766,Person,flow.1773279626281-4766@example.com
Page1773279647165-1512,03,page.1773279647165-1512.3@example.com
Page1773279647165-1512,04,page.1773279647165-1512.4@example.com
Page1773279647165-1512,05,page.1773279647165-1512.5@example.com
Dark1773279629544-1215,Mode,dark.mode.1773279629544-1215@example.com
Tabs1773279632519-24,Contact,tabs.1773279632519-24@example.com
Page1773279647165-1512,06,page.1773279647165-1512.6@example.com
Cancel1773279635520-102,Flow,cancel.1773279635520-102@example.com
Enabled1773279639206-175,Contact,active.1773279639206-175@example.com
Page1773279647165-1512,07,page.1773279647165-1512.7@example.com
Dormant1773279639206-175,Contact,inactive.1773279639206-175@example.com
Page1773279647165-1512,08,page.1773279647165-1512.8@example.com
Delete1773279644487-3453,Contact,delete.1773279644487-3453@example.com
Page1773279647165-1512,01,page.1773279647165-1512.1@example.com
Page1773279647165-1512,02,page.1773279647165-1512.2@example.com
Page1773279647165-1512,09,page.1773279647165-1512.9@example.com
Page1773279647165-1512,10,page.1773279647165-1512.10@example.com
Page1773279647165-1512,11,page.1773279647165-1512.11@example.com
Page1773279647165-1512,12,page.1773279647165-1512.12@example.com
Page1773279647165-1512,13,page.1773279647165-1512.13@example.com
Page1773279647165-1512,14,page.1773279647165-1512.14@example.com
Page1773279647165-1512,15,page.1773279647165-1512.15@example.com
Page1773279647165-1512,16,page.1773279647165-1512.16@example.com
Page1773279647165-1512,17,page.1773279647165-1512.17@example.com
Page1773279647165-1512,18,page.1773279647165-1512.18@example.com
Page1773279647165-1512,19,page.1773279647165-1512.19@example.com
Page1773279647165-1512,20,page.1773279647165-1512.20@example.com
Page1773279647165-1512,21,page.1773279647165-1512.21@example.com
Page1773279647165-1512,22,page.1773279647165-1512.22@example.com
Page1773279647165-1512,23,page.1773279647165-1512.23@example.com
Page1773279647165-1512,24,page.1773279647165-1512.24@example.com
Page1773279647165-1512,25,page.1773279647165-1512.25@example.com
Phn1773279622815-7256,Flow,phn.1773279622815-7256@example.com
Dark,Portal,dark-mode-portal-1773279650834@example.com